payment_id,counterparty_masked,region,payment_type,payment_amount,prior_alerts_90d,days_since_last_payment,risk_score,analyst_confidence,anomaly_confirmed,analyst_id,review_status,payment_date,client_segment
PAY-00000226,c***@globalcorp.net,Southeast,Wire Transfer,926072.08,1.0,52.0,0.82,10.0,1,ANL-142,Complete,2024-10-01,Pension Fund
PAY-00000214,c***@globalcorp.net,International,ACH Batch,2709733.79,5.0,112.0,1.0,8.0,0,ANL-112,Pending,2024-10-01,Family Office
PAY-00000345,c***@eastwest.biz,West,ACH Batch,4364792.71,11.0,82.0,0.799,0.0,1,ANL-156,Complete,2024-10-01,Pension Fund
PAY-00000128,c***@nexuspay.co,Midwest,Internal Transfer,3661258.32,4.0,157.0,0.968,10.0,0,ANL-112,Pending,2024-10-01,Pension Fund
PAY-00000457,c***@finbridge.io,Northeast,SWIFT,4032902.46,12.0,166.0,0.857,2.0,1,ANL-167,Pending,2024-10-01,Sovereign Wealth
PAY-00000093,c***@finbridge.io,Northeast,Wire Transfer,3294087.44,9.0,42.0,0.118,8.0,0,ANL-158,Complete,2024-10-01,Sovereign Wealth
PAY-00000468,c***@nexuspay.co,Northeast,FX Settlement,3461536.68,8.0,21.0,0.74,10.0,0,ANL-101,Complete,2024-10-02,Endowment
PAY-00000200,c***@eastwest.biz,Midwest,FX Settlement,1248715.21,4.0,141.0,0.988,3.0,1,ANL-118,Pending,2024-10-02,Pension Fund
PAY-00000242,c***@globalcorp.net,West,SWIFT,2447380.11,1.0,113.0,0.485,3.0,1,ANL-152,Pending,2024-10-02,Family Office
PAY-00000301,c***@nexuspay.co,Northeast,SWIFT,1106436.6,4.0,105.0,0.122,1.0,0,ANL-183,Pending,2024-10-02,Pension Fund
PAY-00000449,c***@eastwest.biz,International,ACH Batch,4938346.21,14.0,17.0,0.725,2.0,0,ANL-119,Pending,2024-10-03,Endowment
PAY-00000094,c***@tradelink.com,West,FX Settlement,4720324.67,11.0,120.0,0.323,2.0,1,ANL-109,Escalated,2024-10-03,Sovereign Wealth
PAY-00000147,c***@finbridge.io,Northeast,Internal Transfer,197614.34,3.0,137.0,0.997,0.0,0,ANL-160,Complete,2024-10-03,Sovereign Wealth
PAY-00000032,c***@nexuspay.co,Northeast,Wire Transfer,4626278.96,10.0,129.0,0.656,7.0,1,ANL-143,Complete,2024-10-03,Sovereign Wealth
PAY-00000009,c***@globalcorp.net,Southeast,ACH Batch,903286.44,6.0,130.0,0.13,2.0,0,ANL-179,Complete,2024-10-03,Family Office
PAY-00000121,c***@eastwest.biz,Midwest,Internal Transfer,2839942.18,5.0,60.0,0.687,4.0,0,ANL-188,Complete,2024-10-04,Family Office
PAY-00000405,c***@eastwest.biz,Southeast,FX Settlement,4577483.74,13.0,48.0,0.093,,0,ANL-150,Complete,2024-10-04,Pension Fund
PAY-00000164,c***@tradelink.com,Southeast,Wire Transfer,170212.92,1.0,29.0,0.029,9.0,1,ANL-183,Escalated,2024-10-04,Pension Fund
PAY-00000278,c***@finbridge.io,Midwest,SWIFT,3487252.63,11.0,97.0,0.823,6.0,0,ANL-110,Complete,2024-10-04,Family Office
PAY-00000246,c***@nexuspay.co,Northeast,ACH Batch,1487096.36,10.0,10.0,0.21,9.0,1,ANL-142,Complete,2024-10-04,Endowment
PAY-00000433,c***@globalcorp.net,Southeast,FX Settlement,4622018.78,10.0,58.0,0.379,,0,ANL-186,Complete,2024-10-05,Pension Fund
PAY-00000046,c***@finbridge.io,Southeast,Internal Transfer,4855305.7,12.0,21.0,0.973,10.0,0,ANL-168,Complete,2024-10-05,Sovereign Wealth
PAY-00000481,c***@eastwest.biz,Midwest,Internal Transfer,4721360.31,4.0,28.0,0.337,8.0,0,ANL-148,Complete,2024-10-05,Pension Fund
PAY-00000197,c***@finbridge.io,West,ACH Batch,2371333.98,6.0,34.0,0.296,7.0,1,ANL-140,Complete,2024-10-05,Endowment
PAY-00000038,c***@globalcorp.net,Northeast,Wire Transfer,4310282.23,10.0,8.0,0.918,6.0,0,ANL-180,Complete,2024-10-05,Pension Fund
PAY-00000212,c***@finbridge.io,Midwest,Wire Transfer,4222824.72,6.0,177.0,0.111,9.0,1,ANL-191,Pending,2024-10-05,Pension Fund
PAY-00000008,c***@eastwest.biz,Midwest,Wire Transfer,1595842.82,14.0,79.0,0.76,6.0,0,ANL-197,Pending,2024-10-06,Family Office
PAY-00000416,c***@finbridge.io,Northeast,Internal Transfer,4144662.91,4.0,145.0,0.988,4.0,0,ANL-162,Pending,2024-10-06,Pension Fund
PAY-00000238,c***@nexuspay.co,Midwest,Internal Transfer,185519.67,11.0,87.0,0.901,4.0,0,ANL-169,Pending,2024-10-06,Sovereign Wealth
PAY-00000161,c***@finbridge.io,Northeast,FX Settlement,2981551.26,14.0,88.0,0.652,10.0,1,ANL-104,Complete,2024-10-06,Sovereign Wealth
PAY-00000362,c***@nexuspay.co,Northeast,FX Settlement,1150429.18,8.0,173.0,0.314,4.0,0,ANL-179,Pending,2024-10-06,Pension Fund
PAY-00000429,c***@finbridge.io,International,SWIFT,603274.15,3.0,69.0,0.254,0.0,0,ANL-108,Pending,2024-10-07,Sovereign Wealth
PAY-00000155,c***@eastwest.biz,International,Internal Transfer,385227.53,10.0,160.0,0.819,7.0,0,ANL-130,Complete,2024-10-07,Sovereign Wealth
PAY-00000467,c***@tradelink.com,West,FX Settlement,3481595.74,2.0,,0.88,10.0,1,ANL-180,Pending,2024-10-07,Pension Fund
PAY-00000140,c***@tradelink.com,Southeast,Internal Transfer,1699704.88,14.0,87.0,0.525,0.0,0,ANL-187,Complete,2024-10-07,Sovereign Wealth
PAY-00000042,c***@nexuspay.co,Northeast,Wire Transfer,3623971.47,3.0,101.0,0.244,3.0,1,ANL-136,Pending,2024-10-07,Family Office
PAY-00000022,c***@nexuspay.co,West,ACH Batch,327249.03,4.0,8.0,0.113,8.0,0,ANL-129,Escalated,2024-10-07,Family Office
PAY-00000435,c***@tradelink.com,Southeast,Wire Transfer,1576794.04,12.0,77.0,0.087,8.0,0,ANL-195,Complete,2024-10-08,Pension Fund
PAY-00000075,c***@eastwest.biz,Northeast,FX Settlement,2697686.72,5.0,87.0,0.719,4.0,0,ANL-111,Pending,2024-10-08,Pension Fund
PAY-00000069,c***@eastwest.biz,Midwest,SWIFT,3953720.46,2.0,43.0,0.42,3.0,1,ANL-155,,2024-10-08,Pension Fund
PAY-00000133,c***@finbridge.io,Northeast,Wire Transfer,1594103.14,1.0,129.0,0.905,2.0,1,ANL-112,Escalated,2024-10-08,Sovereign Wealth
PAY-00000159,c***@nexuspay.co,International,SWIFT,3129643.94,13.0,109.0,0.74,2.0,0,ANL-197,Complete,2024-10-08,Sovereign Wealth
PAY-00000054,c***@eastwest.biz,Southeast,SWIFT,4429945.75,12.0,179.0,0.191,4.0,0,ANL-181,Pending,2024-10-09,Family Office
PAY-00000176,c***@globalcorp.net,West,ACH Batch,3079508.01,3.0,152.0,0.614,9.0,0,ANL-190,Complete,2024-10-09,Pension Fund
PAY-00000386,c***@finbridge.io,Southeast,Wire Transfer,1165180.89,4.0,152.0,0.436,0.0,0,ANL-112,Complete,2024-10-09,Pension Fund
PAY-00000241,c***@tradelink.com,Midwest,ACH Batch,4350559.32,13.0,133.0,0.738,5.0,0,ANL-121,Escalated,2024-10-09,Family Office
PAY-00000452,c***@nexuspay.co,Northeast,Internal Transfer,106836.42,10.0,148.0,0.806,6.0,0,ANL-188,Pending,2024-10-09,Pension Fund
PAY-00000268,c***@eastwest.biz,International,ACH Batch,4373571.01,12.0,21.0,0.844,8.0,0,ANL-138,Pending,2024-10-10,Family Office
PAY-00000338,c***@eastwest.biz,West,Internal Transfer,2644921.2,14.0,58.0,0.254,2.0,0,ANL-103,Escalated,2024-10-10,Pension Fund
PAY-00000252,c***@finbridge.io,International,SWIFT,4695368.96,11.0,159.0,0.031,1.0,1,ANL-105,Complete,2024-10-10,Endowment
PAY-00000421,c***@nexuspay.co,International,SWIFT,3994016.79,2.0,110.0,0.739,2.0,0,ANL-141,Complete,2024-10-10,Endowment
PAY-00000439,c***@nexuspay.co,Midwest,Internal Transfer,4989671.59,7.0,139.0,0.106,8.0,0,ANL-107,Complete,2024-10-10,Pension Fund
PAY-00000157,c***@nexuspay.co,International,ACH Batch,1753883.72,9.0,143.0,0.315,6.0,1,ANL-137,Complete,2024-10-11,Pension Fund
PAY-00000454,c***@tradelink.com,Northeast,Wire Transfer,3836057.85,3.0,135.0,0.004,8.0,0,ANL-145,Complete,2024-10-11,Sovereign Wealth
PAY-00000316,c***@eastwest.biz,Northeast,Wire Transfer,2009953.6,13.0,28.0,0.682,1.0,0,ANL-147,Complete,2024-10-11,Pension Fund
PAY-00000152,c***@nexuspay.co,Northeast,Internal Transfer,2399638.16,,51.0,0.167,4.0,0,ANL-155,Complete,2024-10-11,Family Office
PAY-00000051,c***@tradelink.com,Southeast,SWIFT,3137713.56,1.0,5.0,0.655,3.0,0,ANL-118,Complete,2024-10-11,Family Office
PAY-00000060,c***@globalcorp.net,Southeast,SWIFT,4368448.73,,5.0,0.992,1.0,0,ANL-131,Complete,2024-10-11,Family Office
PAY-00000314,c***@finbridge.io,Southeast,Wire Transfer,4920425.3,12.0,94.0,0.073,8.0,0,ANL-167,Complete,2024-10-12,Family Office
PAY-00000189,c***@eastwest.biz,Southeast,Wire Transfer,2089125.03,9.0,8.0,0.34,5.0,0,ANL-172,Pending,2024-10-12,Pension Fund
PAY-00000359,c***@globalcorp.net,Midwest,SWIFT,3688042.72,13.0,138.0,0.216,5.0,0,ANL-123,Complete,2024-10-12,Sovereign Wealth
PAY-00000313,c***@tradelink.com,Northeast,ACH Batch,1194266.34,10.0,38.0,0.36,7.0,0,ANL-121,Complete,2024-10-13,Family Office
PAY-00000289,c***@tradelink.com,Northeast,FX Settlement,1773433.48,14.0,112.0,0.763,0.0,1,ANL-110,Complete,2024-10-13,Pension Fund
PAY-00000005,c***@tradelink.com,International,ACH Batch,1436551.34,11.0,,0.408,3.0,0,ANL-178,Complete,2024-10-13,Endowment
PAY-00000422,c***@tradelink.com,West,ACH Batch,1481892.45,9.0,136.0,0.759,6.0,0,ANL-148,Complete,2024-10-13,Pension Fund
PAY-00000447,c***@globalcorp.net,Northeast,Internal Transfer,1168421.95,6.0,104.0,0.904,1.0,0,ANL-179,Complete,2024-10-13,Endowment
PAY-00000315,c***@globalcorp.net,Northeast,ACH Batch,210944.9,12.0,153.0,0.233,8.0,0,ANL-187,Complete,2024-10-14,Endowment
PAY-00000352,c***@tradelink.com,West,SWIFT,89860.74,14.0,73.0,0.807,7.0,1,ANL-130,Complete,2024-10-14,Family Office
PAY-00000229,c***@eastwest.biz,West,FX Settlement,2139151.78,14.0,49.0,0.899,6.0,0,ANL-174,Complete,2024-10-14,Sovereign Wealth
PAY-00000097,c***@globalcorp.net,West,Wire Transfer,1921941.07,7.0,36.0,0.651,3.0,0,ANL-118,Complete,2024-10-14,Endowment
PAY-00000364,c***@nexuspay.co,Northeast,FX Settlement,3398396.59,0.0,126.0,0.874,,1,ANL-129,Pending,2024-10-15,Pension Fund
PAY-00000347,c***@nexuspay.co,Southeast,ACH Batch,1091660.31,9.0,,0.0,2.0,0,ANL-159,Complete,2024-10-15,Sovereign Wealth
PAY-00000412,c***@eastwest.biz,Northeast,Wire Transfer,4749830.94,12.0,78.0,0.169,5.0,0,ANL-181,Complete,2024-10-15,Family Office
PAY-00000341,c***@tradelink.com,International,ACH Batch,3931831.9,9.0,105.0,0.39,4.0,1,ANL-132,Pending,2024-10-15,Sovereign Wealth
PAY-00000089,c***@nexuspay.co,Midwest,FX Settlement,447510.31,7.0,169.0,0.38,7.0,0,ANL-158,Complete,2024-10-15,Sovereign Wealth
PAY-00000320,c***@nexuspay.co,Southeast,ACH Batch,2088195.09,3.0,122.0,0.227,5.0,0,ANL-132,Complete,2024-10-15,Pension Fund
PAY-00000201,c***@tradelink.com,Southeast,SWIFT,4723687.75,3.0,114.0,0.129,0.0,0,ANL-101,Complete,2024-10-16,Endowment
PAY-00000346,c***@tradelink.com,Southeast,Wire Transfer,2337273.86,5.0,10.0,0.413,3.0,0,ANL-159,Complete,2024-10-16,Pension Fund
PAY-00000401,c***@globalcorp.net,West,Wire Transfer,3067250.24,6.0,149.0,0.802,4.0,0,ANL-136,Pending,2024-10-16,Endowment
PAY-00000343,c***@globalcorp.net,Midwest,Wire Transfer,835586.21,5.0,164.0,0.479,10.0,0,ANL-186,Complete,2024-10-16,Family Office
PAY-00000408,c***@nexuspay.co,International,Wire Transfer,4955847.55,0.0,140.0,0.018,2.0,0,ANL-169,Complete,2024-10-17,Family Office
PAY-00000012,c***@tradelink.com,Midwest,Wire Transfer,1158742.67,11.0,91.0,0.421,8.0,0,ANL-120,Complete,2024-10-17,Sovereign Wealth
PAY-00000007,c***@tradelink.com,Northeast,Wire Transfer,4713687.5,7.0,2.0,0.027,0.0,0,ANL-109,Complete,2024-10-17,Family Office
PAY-00000370,c***@eastwest.biz,West,SWIFT,3248408.42,12.0,118.0,0.966,5.0,1,ANL-156,Pending,2024-10-17,Pension Fund
PAY-00000172,c***@nexuspay.co,West,Wire Transfer,3038880.11,9.0,13.0,0.127,5.0,0,ANL-144,Complete,2024-10-17,Family Office
PAY-00000480,c***@globalcorp.net,Midwest,ACH Batch,2563686.21,14.0,160.0,0.708,9.0,0,ANL-175,Complete,2024-10-17,Pension Fund
PAY-00000287,c***@eastwest.biz,West,Internal Transfer,1153733.72,10.0,95.0,0.973,4.0,0,ANL-138,Complete,2024-10-18,Endowment
PAY-00000472,c***@tradelink.com,Midwest,ACH Batch,883051.9,12.0,144.0,0.826,4.0,1,ANL-181,Complete,2024-10-18,Endowment
PAY-00000411,c***@globalcorp.net,Midwest,Wire Transfer,1102820.8,6.0,32.0,0.699,9.0,0,ANL-154,Complete,2024-10-18,Pension Fund
PAY-00000101,c***@nexuspay.co,Southeast,Wire Transfer,932598.09,5.0,,0.839,4.0,0,ANL-188,Pending,2024-10-18,Pension Fund
PAY-00000399,c***@tradelink.com,Northeast,Wire Transfer,3898032.58,5.0,124.0,0.982,5.0,0,ANL-132,Complete,2024-10-18,Family Office
PAY-00000478,c***@nexuspay.co,Northeast,Wire Transfer,1750951.23,4.0,11.0,0.621,7.0,0,ANL-158,Complete,2024-10-19,Pension Fund
PAY-00000027,c***@eastwest.biz,Northeast,Wire Transfer,289684.46,5.0,10.0,0.559,1.0,0,ANL-138,Complete,2024-10-19,Endowment
PAY-00000078,c***@eastwest.biz,Midwest,Wire Transfer,4845528.6,11.0,15.0,0.628,5.0,0,ANL-125,Pending,2024-10-19,Pension Fund
PAY-00000270,c***@eastwest.biz,Southeast,Wire Transfer,4418987.53,8.0,17.0,0.533,0.0,0,ANL-149,Complete,2024-10-19,Pension Fund
PAY-00000174,c***@finbridge.io,Midwest,Wire Transfer,4638797.54,9.0,168.0,0.635,3.0,1,ANL-161,Pending,2024-10-19,Endowment
PAY-00000375,c***@nexuspay.co,International,Wire Transfer,4974541.66,8.0,146.0,0.45,9.0,0,ANL-113,Pending,2024-10-19,Family Office
PAY-00000384,c***@eastwest.biz,Northeast,ACH Batch,869889.3,14.0,153.0,0.218,2.0,0,ANL-130,Pending,2024-10-20,Family Office
PAY-00000096,c***@eastwest.biz,Southeast,Wire Transfer,1981511.97,9.0,59.0,0.12,8.0,0,ANL-148,Complete,2024-10-20,Pension Fund
PAY-00000063,c***@nexuspay.co,West,ACH Batch,3791313.26,7.0,78.0,0.068,2.0,0,ANL-173,Complete,2024-10-20,Family Office
PAY-00000248,c***@eastwest.biz,Northeast,ACH Batch,3480255.08,9.0,124.0,0.263,5.0,0,ANL-145,Pending,2024-10-20,Sovereign Wealth
PAY-00000154,c***@nexuspay.co,Northeast,SWIFT,769902.58,8.0,114.0,0.046,0.0,0,ANL-173,Escalated,2024-10-20,Family Office
PAY-00000132,c***@tradelink.com,Southeast,Wire Transfer,4079257.71,12.0,22.0,0.567,5.0,0,ANL-137,Pending,2024-10-21,Family Office
PAY-00000266,c***@nexuspay.co,Northeast,Internal Transfer,1122590.64,9.0,158.0,0.284,3.0,1,ANL-189,Complete,2024-10-21,Sovereign Wealth
PAY-00000298,c***@nexuspay.co,International,SWIFT,1119476.17,7.0,172.0,0.825,7.0,1,ANL-137,Complete,2024-10-21,Sovereign Wealth
PAY-00000458,c***@finbridge.io,West,Wire Transfer,2685103.63,7.0,32.0,0.074,10.0,0,ANL-102,Complete,2024-10-21,Pension Fund
PAY-00000366,c***@tradelink.com,Midwest,Internal Transfer,2964903.2,0.0,179.0,0.226,8.0,0,ANL-184,Pending,2024-10-21,Family Office
PAY-00000327,c***@finbridge.io,International,FX Settlement,2900641.0,9.0,174.0,0.73,3.0,1,ANL-150,Complete,2024-10-21,Pension Fund
PAY-00000086,c***@eastwest.biz,West,Wire Transfer,457888.44,10.0,113.0,0.599,9.0,1,ANL-135,Complete,2024-10-22,Family Office
PAY-00000334,c***@tradelink.com,International,Internal Transfer,1328367.41,3.0,149.0,0.877,5.0,0,ANL-172,Complete,2024-10-22,Family Office
PAY-00000407,c***@finbridge.io,Midwest,SWIFT,648009.85,1.0,122.0,0.877,0.0,0,ANL-187,Pending,2024-10-22,Family Office
PAY-00000165,c***@nexuspay.co,West,Wire Transfer,4443796.03,7.0,32.0,0.33,3.0,0,ANL-199,Complete,2024-10-22,Pension Fund
PAY-00000324,c***@globalcorp.net,International,Wire Transfer,4778279.67,2.0,119.0,0.34,6.0,0,ANL-195,Complete,2024-10-23,Pension Fund
PAY-00000039,c***@finbridge.io,Southeast,ACH Batch,4310707.02,3.0,39.0,0.989,0.0,0,ANL-106,Complete,2024-10-23,Pension Fund
PAY-00000255,c***@tradelink.com,Northeast,ACH Batch,4047675.62,11.0,12.0,0.626,7.0,0,ANL-177,Pending,2024-10-23,Family Office
PAY-00000107,c***@finbridge.io,Southeast,ACH Batch,2754511.42,9.0,18.0,0.838,10.0,0,ANL-163,Complete,2024-10-23,Pension Fund
PAY-00000438,c***@finbridge.io,West,ACH Batch,435390.31,8.0,149.0,0.285,5.0,0,ANL-136,Escalated,2024-10-23,Family Office
PAY-00000281,c***@eastwest.biz,International,SWIFT,2042561.84,1.0,141.0,0.429,4.0,1,ANL-199,Complete,2024-10-24,Pension Fund
PAY-00000073,c***@globalcorp.net,Northeast,Wire Transfer,1863756.24,2.0,149.0,0.268,9.0,0,ANL-129,Complete,2024-10-24,Sovereign Wealth
PAY-00000095,c***@tradelink.com,Midwest,Wire Transfer,1299139.04,3.0,126.0,0.789,10.0,1,ANL-177,Complete,2024-10-24,Endowment
PAY-00000295,c***@tradelink.com,Northeast,Internal Transfer,2479630.74,0.0,46.0,0.659,1.0,0,ANL-128,Pending,2024-10-24,Sovereign Wealth
PAY-00000090,c***@nexuspay.co,Northeast,ACH Batch,405690.56,6.0,104.0,0.252,4.0,1,ANL-181,Complete,2024-10-25,Pension Fund
PAY-00000163,c***@tradelink.com,Southeast,ACH Batch,1101305.92,1.0,135.0,0.22,5.0,0,ANL-124,Complete,2024-10-25,Pension Fund
PAY-00000148,c***@tradelink.com,International,Wire Transfer,3416452.19,4.0,151.0,0.488,6.0,0,ANL-179,Complete,2024-10-25,Pension Fund
PAY-00000130,c***@globalcorp.net,Southeast,ACH Batch,381116.23,14.0,86.0,0.738,4.0,0,ANL-132,Pending,2024-10-25,Pension Fund
PAY-00000392,c***@nexuspay.co,Midwest,Wire Transfer,4256108.97,0.0,,0.525,8.0,0,ANL-186,Complete,2024-10-25,Family Office
PAY-00000142,c***@nexuspay.co,West,Wire Transfer,2475985.06,2.0,89.0,0.033,0.0,1,ANL-196,Complete,2024-10-25,Sovereign Wealth
PAY-00000219,c***@finbridge.io,Southeast,Wire Transfer,2403192.59,11.0,22.0,0.869,6.0,1,ANL-192,Complete,2024-10-26,Sovereign Wealth
PAY-00000144,c***@eastwest.biz,International,ACH Batch,2962242.72,1.0,,0.065,9.0,0,ANL-198,,2024-10-26,Pension Fund
PAY-00000003,c***@nexuspay.co,International,Wire Transfer,4123492.49,0.0,29.0,0.956,6.0,0,ANL-184,Complete,2024-10-26,Pension Fund
PAY-00000019,c***@nexuspay.co,Southeast,ACH Batch,1739372.13,6.0,,0.025,3.0,0,ANL-187,Complete,2024-10-26,Family Office
PAY-00000156,c***@globalcorp.net,Midwest,Wire Transfer,3390241.75,4.0,2.0,0.694,8.0,1,ANL-117,Pending,2024-10-26,Endowment
PAY-00000410,c***@tradelink.com,Southeast,ACH Batch,2828876.95,0.0,29.0,0.082,10.0,0,ANL-180,Complete,2024-10-27,Pension Fund
PAY-00000077,c***@nexuspay.co,Southeast,Wire Transfer,1335507.84,5.0,27.0,1.0,4.0,0,ANL-112,Escalated,2024-10-27,Endowment
PAY-00000390,c***@nexuspay.co,Northeast,Internal Transfer,4393210.62,4.0,50.0,0.464,3.0,0,ANL-180,Escalated,2024-10-27,Sovereign Wealth
PAY-00000325,c***@eastwest.biz,Midwest,SWIFT,3987231.4,14.0,95.0,0.138,6.0,0,ANL-182,Complete,2024-10-27,Sovereign Wealth
PAY-00000285,c***@eastwest.biz,Northeast,Internal Transfer,4252983.35,11.0,88.0,0.165,2.0,0,ANL-139,Complete,2024-10-27,Pension Fund
PAY-00000308,c***@nexuspay.co,Southeast,ACH Batch,4336537.36,6.0,,0.171,8.0,0,ANL-156,Pending,2024-10-28,Pension Fund
PAY-00000464,c***@nexuspay.co,International,Wire Transfer,3541960.7,10.0,22.0,0.948,10.0,0,ANL-104,Complete,2024-10-28,Family Office
PAY-00000067,c***@globalcorp.net,Northeast,ACH Batch,4185148.14,9.0,171.0,0.445,7.0,1,ANL-174,Complete,2024-10-28,Pension Fund
PAY-00000181,c***@finbridge.io,Northeast,SWIFT,3487508.57,8.0,165.0,1.0,0.0,1,ANL-146,Complete,2024-10-28,Endowment
PAY-00000134,c***@finbridge.io,Midwest,SWIFT,3400863.79,13.0,97.0,0.64,6.0,0,ANL-193,Pending,2024-10-28,Sovereign Wealth
PAY-00000145,c***@nexuspay.co,International,ACH Batch,3093247.59,12.0,3.0,0.676,8.0,0,ANL-116,Pending,2024-10-29,Pension Fund
PAY-00000178,c***@nexuspay.co,Northeast,Wire Transfer,3763706.84,12.0,118.0,0.132,7.0,0,ANL-111,Complete,2024-10-29,Family Office
PAY-00000420,c***@eastwest.biz,West,Wire Transfer,793446.22,8.0,19.0,0.234,7.0,0,ANL-137,Pending,2024-10-29,Pension Fund
PAY-00000171,c***@eastwest.biz,West,ACH Batch,4404413.36,13.0,23.0,0.787,5.0,0,ANL-141,Complete,2024-10-29,Sovereign Wealth
PAY-00000484,c***@eastwest.biz,Northeast,SWIFT,4359281.72,8.0,157.0,0.971,10.0,0,ANL-195,Complete,2024-10-29,Family Office
PAY-00000247,c***@tradelink.com,West,SWIFT,146721.79,1.0,30.0,0.263,3.0,0,ANL-153,Pending,2024-10-29,Endowment
PAY-00000191,c***@nexuspay.co,Southeast,ACH Batch,4129170.84,2.0,39.0,0.272,7.0,1,ANL-122,Complete,2024-10-30,Family Office
PAY-00000227,c***@tradelink.com,Midwest,FX Settlement,644784.9,6.0,108.0,0.473,2.0,0,ANL-125,Complete,2024-10-30,Family Office
PAY-00000419,c***@nexuspay.co,Midwest,Wire Transfer,3717669.53,1.0,25.0,0.269,1.0,0,ANL-169,Pending,2024-10-30,Endowment
PAY-00000365,c***@nexuspay.co,Northeast,Wire Transfer,804219.1,2.0,128.0,0.407,1.0,1,ANL-146,Pending,2024-10-30,Pension Fund
PAY-00000211,c***@globalcorp.net,West,Wire Transfer,4089926.14,9.0,111.0,0.891,6.0,1,ANL-167,Pending,2024-10-31,Pension Fund
PAY-00000169,c***@nexuspay.co,Southeast,Wire Transfer,4160754.82,5.0,136.0,0.003,9.0,1,ANL-164,Pending,2024-10-31,Pension Fund
PAY-00000403,c***@finbridge.io,Northeast,Wire Transfer,2537584.93,12.0,106.0,0.04,3.0,1,ANL-134,Complete,2024-10-31,Pension Fund
PAY-00000018,c***@nexuspay.co,Northeast,Wire Transfer,32426.17,6.0,144.0,0.604,9.0,1,ANL-121,Complete,2024-10-31,Family Office
PAY-00000463,c***@tradelink.com,Midwest,Wire Transfer,1435547.15,8.0,72.0,0.907,7.0,0,ANL-132,Complete,2024-10-31,Family Office
PAY-00000021,c***@nexuspay.co,West,Wire Transfer,3084826.13,0.0,129.0,0.239,8.0,0,ANL-161,Complete,2024-11-01,Sovereign Wealth
PAY-00000131,c***@tradelink.com,Northeast,Internal Transfer,4905940.3,10.0,108.0,0.47,6.0,0,ANL-137,Complete,2024-11-01,Pension Fund
PAY-00000180,c***@eastwest.biz,Midwest,Wire Transfer,3159251.73,6.0,5.0,0.45,4.0,1,ANL-195,Escalated,2024-11-01,Family Office
PAY-00000318,c***@eastwest.biz,Northeast,ACH Batch,1299388.0,7.0,3.0,0.473,7.0,1,ANL-143,Complete,2024-11-01,Pension Fund
PAY-00000297,c***@globalcorp.net,Midwest,ACH Batch,3170211.51,11.0,,0.623,3.0,0,ANL-114,Complete,2024-11-01,Family Office
PAY-00000348,c***@nexuspay.co,Northeast,FX Settlement,2700156.91,13.0,104.0,0.47,1.0,0,ANL-159,Complete,2024-11-01,Sovereign Wealth
PAY-00000311,c***@eastwest.biz,West,Wire Transfer,3899337.05,2.0,64.0,0.447,10.0,0,ANL-109,Complete,2024-11-02,Pension Fund
PAY-00000150,c***@eastwest.biz,Southeast,ACH Batch,535349.7,3.0,106.0,0.474,5.0,1,ANL-118,Escalated,2024-11-02,Pension Fund
PAY-00000218,c***@globalcorp.net,International,FX Settlement,3805259.0,9.0,98.0,0.591,8.0,0,ANL-196,Complete,2024-11-02,Pension Fund
PAY-00000185,c***@globalcorp.net,Northeast,Internal Transfer,2706562.26,5.0,10.0,0.537,0.0,0,ANL-128,Complete,2024-11-02,Family Office
PAY-00000337,c***@nexuspay.co,Southeast,Internal Transfer,4814978.52,9.0,149.0,0.854,10.0,0,ANL-186,Pending,2024-11-02,Endowment
PAY-00000204,c***@tradelink.com,Northeast,Wire Transfer,1709689.89,6.0,128.0,0.049,9.0,0,ANL-192,Complete,2024-11-03,Family Office
PAY-00000216,c***@nexuspay.co,International,Wire Transfer,3163293.15,12.0,46.0,0.833,6.0,1,ANL-186,Complete,2024-11-03,Pension Fund
PAY-00000432,c***@tradelink.com,International,SWIFT,4660174.51,13.0,155.0,0.844,9.0,0,ANL-150,Complete,2024-11-03,Sovereign Wealth
PAY-00000015,c***@globalcorp.net,Southeast,FX Settlement,512997.39,3.0,66.0,0.285,8.0,1,ANL-171,Complete,2024-11-03,Family Office
PAY-00000056,c***@finbridge.io,West,Wire Transfer,4686173.82,7.0,169.0,0.463,9.0,0,ANL-146,Escalated,2024-11-03,Family Office
PAY-00000076,c***@nexuspay.co,West,SWIFT,3439584.67,4.0,112.0,0.439,8.0,0,ANL-111,Pending,2024-11-03,Pension Fund
PAY-00000380,c***@finbridge.io,Midwest,Wire Transfer,339651.38,0.0,13.0,0.219,9.0,0,ANL-150,Complete,2024-11-04,Pension Fund
PAY-00000040,c***@tradelink.com,Midwest,Internal Transfer,1505167.35,3.0,137.0,0.397,10.0,0,ANL-101,Pending,2024-11-04,Family Office
PAY-00000208,c***@nexuspay.co,Northeast,Wire Transfer,3541006.36,2.0,164.0,0.044,2.0,0,ANL-133,Complete,2024-11-04,Sovereign Wealth
PAY-00000460,c***@finbridge.io,Northeast,ACH Batch,337219.33,8.0,86.0,0.278,10.0,0,ANL-168,Complete,2024-11-04,Pension Fund
PAY-00000440,c***@finbridge.io,International,ACH Batch,2911061.22,7.0,90.0,0.817,4.0,0,ANL-115,Complete,2024-11-04,Pension Fund
PAY-00000267,c***@nexuspay.co,International,ACH Batch,1729742.34,0.0,58.0,0.285,7.0,1,ANL-158,Complete,2024-11-05,Sovereign Wealth
PAY-00000188,c***@finbridge.io,Midwest,Wire Transfer,3104767.13,10.0,54.0,0.818,7.0,0,ANL-147,Complete,2024-11-05,Endowment
PAY-00000179,c***@nexuspay.co,Southeast,Wire Transfer,229187.3,5.0,12.0,0.532,3.0,1,ANL-186,Pending,2024-11-05,Endowment
PAY-00000231,c***@finbridge.io,Southeast,SWIFT,4357748.26,8.0,14.0,0.88,,0,ANL-195,Escalated,2024-11-05,Sovereign Wealth
PAY-00000379,c***@globalcorp.net,West,Wire Transfer,4867458.1,6.0,,0.575,10.0,0,ANL-186,Complete,2024-11-05,Sovereign Wealth
PAY-00000459,c***@nexuspay.co,International,SWIFT,4844404.84,3.0,162.0,0.03,,0,ANL-133,Complete,2024-11-05,Pension Fund
PAY-00000269,c***@globalcorp.net,International,Wire Transfer,3748384.33,12.0,121.0,0.675,0.0,0,ANL-174,Complete,2024-11-06,Sovereign Wealth
PAY-00000100,c***@eastwest.biz,West,ACH Batch,650866.16,0.0,20.0,0.045,3.0,0,ANL-148,Complete,2024-11-06,Sovereign Wealth
PAY-00000319,c***@globalcorp.net,Midwest,ACH Batch,3791436.85,11.0,75.0,0.451,5.0,0,ANL-181,Complete,2024-11-06,Family Office
PAY-00000190,c***@finbridge.io,Northeast,Wire Transfer,123422.29,1.0,144.0,0.929,7.0,0,ANL-147,Complete,2024-11-06,Sovereign Wealth
PAY-00000210,c***@tradelink.com,Northeast,ACH Batch,111106.7,11.0,70.0,0.165,5.0,1,ANL-113,Pending,2024-11-06,Pension Fund
PAY-00000372,c***@globalcorp.net,International,Wire Transfer,1618389.29,4.0,56.0,0.39,8.0,0,ANL-186,Complete,2024-11-07,Pension Fund
PAY-00000292,c***@globalcorp.net,Midwest,Wire Transfer,2443471.63,11.0,101.0,0.73,8.0,1,ANL-129,Complete,2024-11-07,Pension Fund
PAY-00000381,c***@globalcorp.net,Northeast,FX Settlement,3852151.89,10.0,132.0,0.882,1.0,0,ANL-160,Complete,2024-11-07,Pension Fund
PAY-00000262,c***@tradelink.com,West,Internal Transfer,2229790.58,7.0,125.0,0.258,0.0,0,ANL-179,Complete,2024-11-07,Endowment
PAY-00000105,c***@globalcorp.net,Northeast,Wire Transfer,1368496.52,5.0,132.0,0.675,1.0,0,ANL-171,Pending,2024-11-07,Sovereign Wealth
PAY-00000043,c***@eastwest.biz,Northeast,SWIFT,4985623.94,7.0,20.0,0.297,4.0,0,ANL-141,Complete,2024-11-08,Sovereign Wealth
PAY-00000061,c***@tradelink.com,Midwest,Internal Transfer,2131193.42,1.0,138.0,0.718,,0,ANL-178,Pending,2024-11-08,Endowment
PAY-00000436,c***@tradelink.com,West,ACH Batch,818537.29,5.0,,0.721,8.0,0,ANL-182,Complete,2024-11-08,Sovereign Wealth
PAY-00000293,c***@nexuspay.co,Northeast,ACH Batch,3974150.34,11.0,37.0,0.863,10.0,1,ANL-108,Complete,2024-11-08,Family Office
PAY-00000483,c***@globalcorp.net,West,ACH Batch,3468564.29,12.0,54.0,0.002,7.0,1,ANL-181,Pending,2024-11-09,Pension Fund
PAY-00000404,c***@eastwest.biz,Northeast,FX Settlement,1104237.68,9.0,103.0,0.718,5.0,0,ANL-159,Complete,2024-11-09,Pension Fund
PAY-00000398,c***@tradelink.com,Southeast,Internal Transfer,412364.04,2.0,149.0,0.83,0.0,0,ANL-189,Pending,2024-11-09,Sovereign Wealth
PAY-00000013,c***@nexuspay.co,West,FX Settlement,3402656.26,5.0,38.0,0.041,1.0,0,ANL-138,,2024-11-09,Family Office
PAY-00000245,c***@finbridge.io,Midwest,Wire Transfer,3272728.82,5.0,174.0,0.872,5.0,0,ANL-183,Pending,2024-11-09,Family Office
PAY-00000141,c***@finbridge.io,West,SWIFT,1366661.01,1.0,4.0,0.257,10.0,0,ANL-152,Complete,2024-11-09,Pension Fund
PAY-00000371,c***@tradelink.com,West,FX Settlement,4754342.38,6.0,57.0,0.665,1.0,0,ANL-114,Pending,2024-11-10,Pension Fund
PAY-00000239,c***@eastwest.biz,Midwest,Wire Transfer,755713.93,11.0,173.0,0.8,9.0,0,ANL-117,Complete,2024-11-10,Family Office
PAY-00000207,c***@eastwest.biz,Northeast,Wire Transfer,2161957.84,1.0,20.0,0.663,4.0,0,ANL-105,Escalated,2024-11-10,Pension Fund
PAY-00000114,c***@globalcorp.net,Southeast,SWIFT,4718107.79,5.0,17.0,0.092,4.0,0,ANL-104,Complete,2024-11-10,Sovereign Wealth
PAY-00000224,c***@finbridge.io,Northeast,Internal Transfer,3192810.48,2.0,71.0,0.55,5.0,1,ANL-163,Complete,2024-11-11,Family Office
PAY-00000406,c***@globalcorp.net,International,Wire Transfer,1988273.19,1.0,4.0,0.9,5.0,0,ANL-114,,2024-11-11,Family Office
PAY-00000119,c***@eastwest.biz,Southeast,Internal Transfer,1371438.9,6.0,14.0,0.404,1.0,1,ANL-112,Complete,2024-11-11,Endowment
PAY-00000377,c***@globalcorp.net,International,Wire Transfer,4919896.25,13.0,3.0,0.321,9.0,1,ANL-130,Pending,2024-11-11,Sovereign Wealth
PAY-00000363,c***@finbridge.io,Midwest,Wire Transfer,2046965.36,3.0,80.0,0.75,2.0,0,ANL-168,Complete,2024-11-11,Family Office
PAY-00000254,c***@eastwest.biz,West,Wire Transfer,4470548.97,7.0,55.0,0.413,5.0,0,ANL-117,Complete,2024-11-11,Family Office
PAY-00000304,c***@nexuspay.co,Midwest,Internal Transfer,1150158.05,5.0,132.0,0.646,7.0,0,ANL-149,Complete,2024-11-12,Pension Fund
PAY-00000115,c***@nexuspay.co,Midwest,SWIFT,1065916.97,11.0,120.0,0.646,10.0,1,ANL-158,Escalated,2024-11-12,Pension Fund
PAY-00000466,c***@tradelink.com,Midwest,ACH Batch,156154.85,9.0,,0.888,0.0,1,ANL-147,Pending,2024-11-12,Pension Fund
PAY-00000258,c***@globalcorp.net,Northeast,ACH Batch,3258508.29,3.0,162.0,0.599,0.0,0,ANL-185,Escalated,2024-11-12,Sovereign Wealth
PAY-00000486,c***@eastwest.biz,West,Internal Transfer,1842947.46,4.0,158.0,0.502,10.0,0,ANL-195,Complete,2024-11-12,Family Office
PAY-00000450,c***@tradelink.com,Southeast,Wire Transfer,4321859.07,,82.0,0.139,1.0,0,ANL-189,Pending,2024-11-13,Family Office
PAY-00000028,c***@globalcorp.net,Northeast,Internal Transfer,2366312.93,12.0,147.0,0.116,10.0,0,ANL-169,Pending,2024-11-13,Pension Fund
PAY-00000383,c***@finbridge.io,Midwest,ACH Batch,4840983.04,14.0,159.0,0.154,5.0,0,ANL-153,Complete,2024-11-13,Pension Fund
PAY-00000290,c***@eastwest.biz,Northeast,ACH Batch,928034.82,14.0,60.0,0.172,8.0,1,ANL-175,Pending,2024-11-13,Endowment
PAY-00000087,c***@globalcorp.net,International,ACH Batch,4343181.53,8.0,147.0,0.638,3.0,0,ANL-195,Escalated,2024-11-13,Pension Fund
PAY-00000250,c***@eastwest.biz,International,ACH Batch,3883095.97,6.0,,0.741,2.0,1,ANL-193,Pending,2024-11-13,Sovereign Wealth
PAY-00000104,c***@globalcorp.net,International,SWIFT,3854723.76,9.0,63.0,0.53,,1,ANL-119,Pending,2024-11-14,Sovereign Wealth
PAY-00000036,c***@finbridge.io,Southeast,ACH Batch,4223993.75,13.0,110.0,0.829,10.0,1,ANL-153,Complete,2024-11-14,Sovereign Wealth
PAY-00000026,c***@eastwest.biz,Northeast,Wire Transfer,3805239.44,13.0,150.0,0.991,9.0,0,ANL-183,Complete,2024-11-14,Pension Fund
PAY-00000443,c***@nexuspay.co,International,Internal Transfer,3131288.5,8.0,152.0,0.82,8.0,0,ANL-112,Escalated,2024-11-14,Pension Fund
PAY-00000168,c***@finbridge.io,Southeast,ACH Batch,656658.77,6.0,109.0,0.695,10.0,0,ANL-162,Complete,2024-11-14,Pension Fund
PAY-00000465,c***@globalcorp.net,International,ACH Batch,163114.63,11.0,,0.532,4.0,0,ANL-178,Pending,2024-11-15,Sovereign Wealth
PAY-00000424,c***@finbridge.io,International,SWIFT,3083443.25,11.0,58.0,0.084,1.0,0,ANL-135,Pending,2024-11-15,Pension Fund
PAY-00000222,c***@globalcorp.net,Southeast,Wire Transfer,3982788.19,7.0,117.0,1.0,2.0,0,ANL-104,Escalated,2024-11-15,Family Office
PAY-00000430,c***@nexuspay.co,Southeast,FX Settlement,2407871.0,3.0,159.0,0.91,6.0,0,ANL-188,Complete,2024-11-15,Family Office
PAY-00000106,c***@nexuspay.co,International,SWIFT,586982.29,2.0,100.0,0.808,6.0,0,ANL-147,Complete,2024-11-15,Pension Fund
PAY-00000294,c***@globalcorp.net,Southeast,ACH Batch,626366.37,13.0,19.0,0.216,,0,ANL-127,Complete,2024-11-16,Sovereign Wealth
PAY-00000091,c***@nexuspay.co,Northeast,Wire Transfer,3427983.65,12.0,176.0,0.467,5.0,0,ANL-156,Complete,2024-11-16,Family Office
PAY-00000221,c***@finbridge.io,Midwest,Wire Transfer,2151814.32,6.0,,0.817,1.0,1,ANL-156,Complete,2024-11-16,Pension Fund
PAY-00000461,c***@nexuspay.co,International,SWIFT,1003023.37,11.0,94.0,0.067,9.0,0,ANL-130,Complete,2024-11-16,Pension Fund
PAY-00000098,c***@nexuspay.co,Midwest,Internal Transfer,321512.58,7.0,146.0,0.852,3.0,0,ANL-112,Escalated,2024-11-17,Endowment
PAY-00000209,c***@tradelink.com,Northeast,Internal Transfer,2910066.02,5.0,,0.404,2.0,0,ANL-187,Complete,2024-11-17,Family Office
PAY-00000263,c***@eastwest.biz,Midwest,Wire Transfer,1345332.53,4.0,,0.078,10.0,0,ANL-147,Complete,2024-11-17,Sovereign Wealth
PAY-00000125,c***@finbridge.io,International,ACH Batch,3987896.72,3.0,113.0,0.543,1.0,1,ANL-169,Escalated,2024-11-17,Family Office
PAY-00000243,c***@eastwest.biz,Northeast,Wire Transfer,1552154.61,7.0,47.0,0.862,0.0,0,ANL-182,Complete,2024-11-17,Sovereign Wealth
PAY-00000068,c***@eastwest.biz,Midwest,Wire Transfer,2276373.14,7.0,57.0,0.59,10.0,0,ANL-145,Complete,2024-11-17,Family Office
PAY-00000110,c***@nexuspay.co,International,Wire Transfer,58596.89,11.0,118.0,0.226,10.0,0,ANL-107,Complete,2024-11-18,Sovereign Wealth
PAY-00000305,c***@nexuspay.co,West,Wire Transfer,362698.22,0.0,45.0,0.384,4.0,0,ANL-150,Complete,2024-11-18,Pension Fund
PAY-00000427,c***@nexuspay.co,West,Internal Transfer,1962771.54,8.0,161.0,0.45,1.0,0,ANL-135,Complete,2024-11-18,Family Office
PAY-00000122,c***@eastwest.biz,West,Internal Transfer,2399954.2,13.0,145.0,0.579,1.0,0,ANL-124,Escalated,2024-11-18,Sovereign Wealth
PAY-00000264,c***@finbridge.io,Southeast,ACH Batch,3000302.73,4.0,4.0,0.759,6.0,0,ANL-115,Complete,2024-11-18,Sovereign Wealth
PAY-00000409,c***@finbridge.io,Southeast,Internal Transfer,1458667.06,3.0,148.0,0.099,7.0,0,ANL-158,Complete,2024-11-19,Endowment
PAY-00000170,c***@tradelink.com,West,Wire Transfer,3475061.94,5.0,47.0,0.89,9.0,0,ANL-111,Complete,2024-11-19,Pension Fund
PAY-00000397,c***@globalcorp.net,West,Internal Transfer,4300681.92,5.0,143.0,0.012,7.0,0,ANL-184,Complete,2024-11-19,Pension Fund
PAY-00000035,c***@finbridge.io,International,Wire Transfer,3899365.02,1.0,47.0,0.37,3.0,0,ANL-127,Pending,2024-11-19,Pension Fund
PAY-00000279,c***@nexuspay.co,International,ACH Batch,198574.32,7.0,78.0,0.027,0.0,1,ANL-182,Pending,2024-11-19,Family Office
PAY-00000031,c***@tradelink.com,Midwest,Internal Transfer,2402794.48,6.0,124.0,0.393,10.0,0,ANL-181,Pending,2024-11-19,Family Office
PAY-00000455,c***@nexuspay.co,Midwest,Wire Transfer,525098.43,0.0,75.0,0.526,6.0,0,ANL-176,Complete,2024-11-20,Pension Fund
PAY-00000476,c***@eastwest.biz,West,Wire Transfer,1210604.06,4.0,103.0,0.512,0.0,0,ANL-102,Escalated,2024-11-20,Family Office
PAY-00000487,c***@eastwest.biz,Midwest,Wire Transfer,4933319.64,11.0,137.0,0.166,10.0,0,ANL-106,Pending,2024-11-20,Sovereign Wealth
PAY-00000395,c***@nexuspay.co,West,SWIFT,712906.47,5.0,90.0,0.646,3.0,0,ANL-142,Pending,2024-11-20,Family Office
PAY-00000011,c***@finbridge.io,West,SWIFT,2494691.32,3.0,144.0,0.045,7.0,0,ANL-131,Complete,2024-11-20,Sovereign Wealth
PAY-00000354,c***@nexuspay.co,Southeast,Wire Transfer,3512473.62,12.0,61.0,0.947,5.0,0,ANL-172,Complete,2024-11-21,Endowment
PAY-00000116,c***@finbridge.io,Southeast,Wire Transfer,2798463.59,13.0,,0.34,5.0,0,ANL-126,Pending,2024-11-21,Pension Fund
PAY-00000376,c***@tradelink.com,Northeast,ACH Batch,49349.35,3.0,50.0,0.517,8.0,0,ANL-108,Complete,2024-11-21,Pension Fund
PAY-00000062,c***@nexuspay.co,Midwest,Wire Transfer,1632643.31,0.0,3.0,0.379,4.0,1,ANL-197,Complete,2024-11-21,Sovereign Wealth
PAY-00000232,c***@tradelink.com,Northeast,FX Settlement,2588799.36,6.0,107.0,0.007,9.0,0,ANL-170,Pending,2024-11-21,Endowment
PAY-00000265,c***@finbridge.io,Midwest,SWIFT,439788.56,1.0,113.0,0.386,3.0,0,ANL-126,Pending,2024-11-22,Sovereign Wealth
PAY-00000323,c***@finbridge.io,Southeast,ACH Batch,166498.94,1.0,118.0,0.596,9.0,0,ANL-127,Complete,2024-11-22,Pension Fund
PAY-00000369,c***@finbridge.io,Midwest,FX Settlement,393353.2,8.0,81.0,0.101,10.0,0,ANL-129,Pending,2024-11-22,Sovereign Wealth
PAY-00000160,c***@eastwest.biz,Northeast,Wire Transfer,1984917.92,4.0,109.0,0.847,4.0,0,ANL-142,Complete,2024-11-22,Pension Fund
PAY-00000103,c***@finbridge.io,Northeast,SWIFT,664012.41,1.0,51.0,0.531,7.0,0,ANL-199,Complete,2024-11-23,Family Office
PAY-00000342,c***@eastwest.biz,West,ACH Batch,2837920.47,10.0,147.0,0.842,9.0,0,ANL-118,Complete,2024-11-23,Endowment
PAY-00000385,c***@globalcorp.net,Southeast,SWIFT,3447480.11,8.0,170.0,0.58,7.0,0,ANL-176,Complete,2024-11-23,Sovereign Wealth
PAY-00000356,c***@eastwest.biz,Northeast,Wire Transfer,4003033.2,8.0,35.0,0.56,1.0,0,ANL-100,Complete,2024-11-23,Sovereign Wealth
PAY-00000357,c***@tradelink.com,Midwest,Internal Transfer,1001151.15,0.0,46.0,0.105,6.0,1,ANL-135,Pending,2024-11-23,Sovereign Wealth
PAY-00000378,c***@globalcorp.net,West,FX Settlement,837829.17,10.0,154.0,1.0,7.0,0,ANL-118,Complete,2024-11-23,Pension Fund
PAY-00000085,c***@tradelink.com,Northeast,SWIFT,523286.92,2.0,69.0,0.972,10.0,0,ANL-116,Pending,2024-11-24,Endowment
PAY-00000282,c***@nexuspay.co,Midwest,SWIFT,3182333.03,3.0,93.0,0.228,5.0,0,ANL-169,Complete,2024-11-24,Sovereign Wealth
PAY-00000244,c***@nexuspay.co,Northeast,FX Settlement,3532525.39,13.0,64.0,0.977,4.0,0,ANL-132,Complete,2024-11-24,Sovereign Wealth
PAY-00000066,c***@eastwest.biz,Northeast,SWIFT,158414.93,6.0,165.0,1.0,10.0,1,ANL-122,Complete,2024-11-24,Family Office
PAY-00000065,c***@tradelink.com,Midwest,Wire Transfer,4681093.13,9.0,49.0,0.136,8.0,0,ANL-114,Complete,2024-11-24,Sovereign Wealth
PAY-00000437,c***@nexuspay.co,Midwest,SWIFT,2706711.03,1.0,74.0,0.209,9.0,0,ANL-103,Complete,2024-11-25,Pension Fund
PAY-00000249,c***@nexuspay.co,West,ACH Batch,3545448.07,6.0,5.0,0.926,3.0,0,ANL-116,Complete,2024-11-25,Family Office
PAY-00000044,c***@globalcorp.net,International,SWIFT,4354910.13,5.0,100.0,0.414,8.0,0,ANL-101,Complete,2024-11-25,Endowment
PAY-00000431,c***@globalcorp.net,Midwest,FX Settlement,3570577.62,2.0,,0.395,5.0,0,ANL-145,Complete,2024-11-25,Family Office
PAY-00000388,c***@finbridge.io,Southeast,FX Settlement,4008739.55,5.0,90.0,0.313,7.0,0,ANL-130,Escalated,2024-11-25,Endowment
PAY-00000124,c***@tradelink.com,West,ACH Batch,1697581.24,10.0,4.0,0.147,6.0,1,ANL-175,Complete,2024-11-26,Pension Fund
PAY-00000030,c***@nexuspay.co,Southeast,Wire Transfer,4074218.16,14.0,126.0,0.488,10.0,0,ANL-141,Pending,2024-11-26,Sovereign Wealth
PAY-00000123,c***@tradelink.com,Southeast,FX Settlement,401034.17,5.0,39.0,0.13,1.0,1,ANL-102,Pending,2024-11-26,Family Office
PAY-00000158,c***@finbridge.io,Northeast,Internal Transfer,4474135.87,11.0,163.0,0.835,2.0,1,ANL-122,Escalated,2024-11-26,Sovereign Wealth
PAY-00000387,c***@eastwest.biz,Northeast,Wire Transfer,2738188.08,4.0,129.0,0.37,0.0,1,ANL-133,Pending,2024-11-26,Sovereign Wealth
PAY-00000340,c***@finbridge.io,International,FX Settlement,4086580.2,3.0,24.0,0.375,8.0,0,ANL-106,Complete,2024-11-27,Pension Fund
PAY-00000010,c***@nexuspay.co,West,Internal Transfer,2261865.26,9.0,57.0,0.474,6.0,0,ANL-116,Pending,2024-11-27,Pension Fund
PAY-00000251,c***@eastwest.biz,West,ACH Batch,3218066.69,11.0,100.0,0.444,0.0,1,ANL-194,Pending,2024-11-27,Sovereign Wealth
PAY-00000307,c***@finbridge.io,Northeast,ACH Batch,3658081.81,0.0,41.0,0.545,3.0,0,ANL-167,Complete,2024-11-27,Family Office
PAY-00000001,c***@nexuspay.co,Northeast,Wire Transfer,408609.1,9.0,174.0,0.088,3.0,1,ANL-114,Complete,2024-11-27,Pension Fund
PAY-00000272,c***@eastwest.biz,Southeast,ACH Batch,302230.24,5.0,60.0,0.607,4.0,1,ANL-195,Pending,2024-11-28,Pension Fund
PAY-00000277,c***@finbridge.io,Midwest,Wire Transfer,1235892.62,1.0,108.0,0.152,2.0,0,ANL-108,Pending,2024-11-28,Sovereign Wealth
PAY-00000083,c***@finbridge.io,West,Wire Transfer,798143.63,12.0,57.0,0.031,2.0,0,ANL-160,Complete,2024-11-28,Sovereign Wealth
PAY-00000192,c***@nexuspay.co,West,ACH Batch,4358981.94,2.0,31.0,0.971,0.0,0,ANL-157,Complete,2024-11-28,Endowment
PAY-00000417,c***@finbridge.io,Southeast,ACH Batch,1096460.33,13.0,84.0,0.774,6.0,1,ANL-199,Complete,2024-11-28,Sovereign Wealth
PAY-00000488,c***@finbridge.io,International,ACH Batch,4879338.35,7.0,152.0,0.98,10.0,1,ANL-146,Complete,2024-11-29,Pension Fund
PAY-00000474,c***@finbridge.io,West,FX Settlement,1684810.51,9.0,36.0,0.478,9.0,0,ANL-165,Escalated,2024-11-29,Family Office
PAY-00000331,c***@tradelink.com,Midwest,ACH Batch,910998.52,13.0,158.0,0.532,0.0,0,ANL-175,Complete,2024-11-29,Sovereign Wealth
PAY-00000321,c***@tradelink.com,Southeast,SWIFT,3293709.52,5.0,108.0,0.247,3.0,0,ANL-157,Complete,2024-11-29,Sovereign Wealth
PAY-00000055,c***@finbridge.io,Northeast,ACH Batch,2491229.48,2.0,106.0,0.839,3.0,0,ANL-164,Pending,2024-11-29,Endowment
PAY-00000260,c***@globalcorp.net,Southeast,Wire Transfer,2777040.07,6.0,158.0,0.356,4.0,1,ANL-128,Complete,2024-11-30,Sovereign Wealth
PAY-00000092,c***@eastwest.biz,West,ACH Batch,3596149.29,,86.0,0.827,10.0,0,ANL-178,Pending,2024-11-30,Pension Fund
PAY-00000257,c***@tradelink.com,Northeast,Wire Transfer,1142659.48,13.0,135.0,0.709,1.0,0,ANL-105,Complete,2024-11-30,Pension Fund
PAY-00000373,c***@tradelink.com,Northeast,Wire Transfer,4981671.41,8.0,163.0,0.177,,0,ANL-193,Complete,2024-11-30,Pension Fund
PAY-00000002,c***@tradelink.com,Northeast,ACH Batch,4873978.41,14.0,14.0,0.507,0.0,0,ANL-184,Complete,2024-11-30,Sovereign Wealth
PAY-00000426,c***@nexuspay.co,Northeast,ACH Batch,3251803.27,4.0,120.0,0.677,1.0,1,ANL-166,Complete,2024-12-01,Sovereign Wealth
PAY-00000081,c***@finbridge.io,International,Wire Transfer,998112.48,2.0,138.0,0.235,0.0,0,ANL-138,Complete,2024-12-01,Pension Fund
PAY-00000223,c***@eastwest.biz,West,ACH Batch,3401301.1,1.0,80.0,1.0,9.0,1,ANL-158,Escalated,2024-12-01,Endowment
PAY-00000477,c***@eastwest.biz,Midwest,SWIFT,361455.95,10.0,144.0,0.545,9.0,0,ANL-182,,2024-12-01,Family Office
PAY-00000058,c***@eastwest.biz,Northeast,SWIFT,153747.18,1.0,106.0,0.165,,0,ANL-103,Escalated,2024-12-01,Sovereign Wealth
PAY-00000470,c***@finbridge.io,Midwest,Wire Transfer,1288785.6,2.0,70.0,0.583,3.0,0,ANL-107,Complete,2024-12-02,Family Office
PAY-00000329,c***@globalcorp.net,Midwest,SWIFT,2313383.47,1.0,44.0,1.0,6.0,0,ANL-161,Escalated,2024-12-02,Pension Fund
PAY-00000418,c***@tradelink.com,Northeast,Wire Transfer,4341428.39,13.0,73.0,0.151,9.0,0,ANL-151,Complete,2024-12-02,Sovereign Wealth
PAY-00000451,c***@finbridge.io,Southeast,FX Settlement,3635981.76,3.0,45.0,0.817,10.0,0,ANL-154,Complete,2024-12-02,Family Office
PAY-00000059,c***@tradelink.com,Southeast,Wire Transfer,3713661.25,1.0,107.0,0.207,10.0,0,ANL-187,Complete,2024-12-02,Family Office
PAY-00000006,c***@finbridge.io,Midwest,ACH Batch,2127753.93,9.0,84.0,0.782,8.0,0,ANL-113,,2024-12-02,Family Office
PAY-00000284,c***@tradelink.com,Midwest,Wire Transfer,1730002.0,8.0,82.0,0.735,8.0,1,ANL-162,Pending,2024-12-03,Pension Fund
PAY-00000129,c***@finbridge.io,Northeast,FX Settlement,1855508.3,1.0,107.0,0.3,4.0,0,ANL-191,Complete,2024-12-03,Endowment
PAY-00000271,c***@globalcorp.net,Southeast,ACH Batch,4938253.99,8.0,21.0,0.326,9.0,0,ANL-156,Complete,2024-12-03,Pension Fund
PAY-00000240,c***@eastwest.biz,Midwest,SWIFT,201025.9,12.0,178.0,0.793,0.0,0,ANL-109,Pending,2024-12-03,Endowment
PAY-00000355,c***@tradelink.com,Midwest,Wire Transfer,4335223.96,5.0,161.0,0.461,0.0,0,ANL-110,Complete,2024-12-03,Endowment
PAY-00000196,c***@finbridge.io,International,SWIFT,2893587.71,0.0,7.0,0.731,5.0,0,ANL-141,Complete,2024-12-04,Pension Fund
PAY-00000198,c***@globalcorp.net,West,Wire Transfer,2193357.79,3.0,70.0,0.148,1.0,0,ANL-177,Complete,2024-12-04,Family Office
PAY-00000033,c***@globalcorp.net,Northeast,Internal Transfer,3626425.67,14.0,127.0,0.853,7.0,0,ANL-118,Pending,2024-12-04,Pension Fund
PAY-00000306,c***@eastwest.biz,Northeast,Wire Transfer,2433601.37,13.0,143.0,0.711,8.0,1,ANL-108,Pending,2024-12-04,Sovereign Wealth
PAY-00000471,c***@finbridge.io,Midwest,Wire Transfer,4367179.48,0.0,160.0,0.907,3.0,1,ANL-116,Complete,2024-12-04,Sovereign Wealth
PAY-00000349,c***@tradelink.com,Northeast,Wire Transfer,4503558.97,13.0,148.0,0.132,4.0,0,ANL-135,Complete,2024-12-04,Sovereign Wealth
PAY-00000444,c***@globalcorp.net,International,SWIFT,1384500.57,13.0,176.0,0.599,7.0,1,ANL-181,Pending,2024-12-05,Family Office
PAY-00000079,c***@globalcorp.net,Midwest,Wire Transfer,2961955.47,12.0,149.0,0.353,2.0,0,ANL-174,Complete,2024-12-05,Sovereign Wealth
PAY-00000057,c***@eastwest.biz,Southeast,Internal Transfer,4561860.55,3.0,170.0,0.458,4.0,1,ANL-170,Complete,2024-12-05,Family Office
PAY-00000025,c***@finbridge.io,Midwest,ACH Batch,1053705.61,2.0,,0.038,,1,ANL-191,Complete,2024-12-05,Endowment
PAY-00000047,c***@nexuspay.co,Midwest,ACH Batch,3115021.43,2.0,120.0,0.746,9.0,1,ANL-141,Complete,2024-12-06,Pension Fund
PAY-00000253,c***@nexuspay.co,Midwest,ACH Batch,3157985.32,8.0,128.0,0.549,2.0,0,ANL-148,Complete,2024-12-06,Endowment
PAY-00000261,c***@nexuspay.co,International,ACH Batch,3665698.56,5.0,142.0,0.058,2.0,0,ANL-176,Pending,2024-12-06,Pension Fund
PAY-00000071,c***@finbridge.io,Southeast,SWIFT,658272.64,8.0,57.0,0.681,6.0,0,ANL-167,Complete,2024-12-06,Family Office
PAY-00000400,c***@tradelink.com,International,Wire Transfer,3579266.91,12.0,,0.467,6.0,0,ANL-137,Complete,2024-12-06,Pension Fund
PAY-00000441,c***@globalcorp.net,International,Wire Transfer,4545208.09,4.0,58.0,0.034,6.0,1,ANL-158,Pending,2024-12-06,Pension Fund
PAY-00000205,c***@finbridge.io,Northeast,Internal Transfer,898825.7,1.0,21.0,0.97,9.0,0,ANL-164,Pending,2024-12-07,Sovereign Wealth
PAY-00000220,c***@globalcorp.net,Northeast,ACH Batch,4856989.77,4.0,69.0,0.513,4.0,1,ANL-155,Complete,2024-12-07,Sovereign Wealth
PAY-00000300,c***@globalcorp.net,Northeast,Wire Transfer,905294.28,1.0,131.0,1.0,4.0,1,ANL-112,Complete,2024-12-07,Pension Fund
PAY-00000135,c***@nexuspay.co,Northeast,SWIFT,4271998.27,3.0,87.0,0.755,3.0,1,ANL-189,Escalated,2024-12-07,Sovereign Wealth
PAY-00000276,c***@nexuspay.co,West,ACH Batch,2461643.14,8.0,165.0,0.492,6.0,1,ANL-114,Complete,2024-12-08,Endowment
PAY-00000127,c***@eastwest.biz,Southeast,Wire Transfer,4353814.13,3.0,147.0,0.491,3.0,0,ANL-183,Pending,2024-12-08,Pension Fund
PAY-00000072,c***@globalcorp.net,West,SWIFT,2226803.62,12.0,115.0,0.522,1.0,1,ANL-198,Complete,2024-12-08,Sovereign Wealth
PAY-00000456,c***@tradelink.com,Northeast,SWIFT,2574329.36,11.0,89.0,0.563,3.0,0,ANL-170,Complete,2024-12-08,Pension Fund
PAY-00000074,c***@tradelink.com,West,Wire Transfer,1796487.23,11.0,85.0,0.441,7.0,0,ANL-192,Complete,2024-12-08,Family Office
PAY-00000235,c***@eastwest.biz,Southeast,Wire Transfer,2964957.78,11.0,128.0,0.606,8.0,0,ANL-127,Complete,2024-12-09,Family Office
PAY-00000330,c***@finbridge.io,Northeast,Wire Transfer,818037.6,12.0,140.0,0.919,2.0,0,ANL-155,Complete,2024-12-09,Sovereign Wealth
PAY-00000203,c***@globalcorp.net,West,SWIFT,1955712.14,14.0,169.0,0.362,,0,ANL-157,Pending,2024-12-09,Sovereign Wealth
PAY-00000256,c***@tradelink.com,Midwest,Wire Transfer,4847076.91,13.0,,0.726,8.0,0,ANL-129,Escalated,2024-12-09,Family Office
PAY-00000336,c***@globalcorp.net,International,Wire Transfer,1291038.1,3.0,178.0,0.894,10.0,0,ANL-152,Complete,2024-12-09,Sovereign Wealth
PAY-00000475,c***@eastwest.biz,West,Internal Transfer,3283854.95,1.0,117.0,0.456,3.0,0,ANL-143,Pending,2024-12-10,Family Office
PAY-00000393,c***@nexuspay.co,West,Wire Transfer,1626287.73,12.0,127.0,0.443,9.0,0,ANL-158,Complete,2024-12-10,Family Office
PAY-00000368,c***@eastwest.biz,Southeast,SWIFT,3867478.89,11.0,71.0,0.602,2.0,0,ANL-151,Complete,2024-12-10,Family Office
PAY-00000291,c***@eastwest.biz,Northeast,Wire Transfer,654802.87,14.0,86.0,0.591,4.0,0,ANL-153,Complete,2024-12-10,Sovereign Wealth
PAY-00000109,c***@eastwest.biz,West,Wire Transfer,4849120.31,5.0,33.0,0.807,0.0,1,ANL-193,Pending,2024-12-10,Sovereign Wealth
PAY-00000034,c***@tradelink.com,West,Wire Transfer,2269220.81,12.0,81.0,0.476,2.0,0,ANL-112,Escalated,2024-12-10,Endowment
PAY-00000138,c***@eastwest.biz,International,SWIFT,1180634.29,10.0,152.0,0.996,7.0,0,ANL-140,Pending,2024-12-11,Sovereign Wealth
PAY-00000206,c***@nexuspay.co,Southeast,Internal Transfer,367946.99,13.0,61.0,0.059,10.0,0,ANL-154,Complete,2024-12-11,Family Office
PAY-00000162,c***@nexuspay.co,Southeast,Internal Transfer,849204.65,1.0,61.0,0.003,7.0,0,ANL-140,Complete,2024-12-11,Pension Fund
PAY-00000118,c***@finbridge.io,Southeast,SWIFT,1685347.38,6.0,28.0,0.298,1.0,1,ANL-132,Complete,2024-12-11,Sovereign Wealth
PAY-00000394,c***@nexuspay.co,International,Wire Transfer,2154722.17,14.0,169.0,0.312,7.0,1,ANL-119,Pending,2024-12-12,Pension Fund
PAY-00000167,c***@finbridge.io,Southeast,Internal Transfer,1243947.01,2.0,167.0,0.256,,0,ANL-187,Pending,2024-12-12,Family Office
PAY-00000351,c***@eastwest.biz,West,Wire Transfer,3085916.36,4.0,86.0,0.031,3.0,0,ANL-160,Complete,2024-12-12,Family Office
PAY-00000482,c***@eastwest.biz,West,Wire Transfer,3534032.7,2.0,177.0,0.972,2.0,0,ANL-108,Complete,2024-12-12,Sovereign Wealth
PAY-00000286,c***@globalcorp.net,Northeast,Wire Transfer,835626.02,1.0,17.0,0.221,1.0,1,ANL-111,Complete,2024-12-12,Pension Fund
PAY-00000353,c***@eastwest.biz,International,Wire Transfer,838512.27,9.0,98.0,0.734,8.0,0,ANL-110,Complete,2024-12-13,Family Office
PAY-00000328,c***@globalcorp.net,Midwest,Wire Transfer,183838.8,8.0,98.0,0.763,0.0,0,ANL-111,Complete,2024-12-13,Pension Fund
PAY-00000139,c***@tradelink.com,West,SWIFT,3682141.87,1.0,,0.929,6.0,0,ANL-155,Pending,2024-12-13,Sovereign Wealth
PAY-00000428,c***@tradelink.com,Southeast,ACH Batch,3319190.74,13.0,,0.031,4.0,0,ANL-112,Pending,2024-12-13,Pension Fund
PAY-00000237,c***@finbridge.io,International,Internal Transfer,2373417.06,10.0,85.0,0.872,,0,ANL-195,Complete,2024-12-13,Pension Fund
PAY-00000423,c***@globalcorp.net,Southeast,Internal Transfer,4220930.16,1.0,5.0,0.527,3.0,0,ANL-194,Complete,2024-12-14,Pension Fund
PAY-00000126,c***@tradelink.com,Northeast,ACH Batch,4028447.93,12.0,2.0,0.633,6.0,0,ANL-147,Complete,2024-12-14,Sovereign Wealth
PAY-00000453,c***@tradelink.com,International,Wire Transfer,2926979.14,14.0,22.0,0.644,4.0,0,ANL-116,Complete,2024-12-14,Pension Fund
PAY-00000274,c***@tradelink.com,Northeast,ACH Batch,4341422.27,7.0,112.0,0.82,4.0,0,ANL-171,Pending,2024-12-14,Sovereign Wealth
PAY-00000088,c***@eastwest.biz,Southeast,SWIFT,1029603.13,14.0,57.0,0.333,8.0,1,ANL-107,Complete,2024-12-14,Sovereign Wealth
PAY-00000445,c***@globalcorp.net,International,Wire Transfer,560042.14,8.0,66.0,0.733,8.0,1,ANL-175,Complete,2024-12-14,Sovereign Wealth
PAY-00000312,c***@tradelink.com,International,SWIFT,1349113.18,6.0,74.0,0.529,8.0,1,ANL-171,Complete,2024-12-15,Sovereign Wealth
PAY-00000037,c***@globalcorp.net,Midwest,ACH Batch,285905.74,2.0,98.0,0.793,5.0,0,ANL-171,Pending,2024-12-15,Family Office
PAY-00000332,c***@nexuspay.co,Midwest,SWIFT,2656082.06,8.0,144.0,0.991,5.0,0,ANL-142,Complete,2024-12-15,Pension Fund
PAY-00000485,c***@eastwest.biz,Southeast,Wire Transfer,197198.03,4.0,179.0,0.995,8.0,0,ANL-115,Complete,2024-12-15,Pension Fund
PAY-00000137,c***@nexuspay.co,Southeast,FX Settlement,610988.52,8.0,125.0,0.09,9.0,0,ANL-152,Pending,2024-12-16,Pension Fund
PAY-00000344,c***@finbridge.io,West,Internal Transfer,2261269.04,11.0,167.0,0.002,7.0,0,ANL-145,Escalated,2024-12-16,Sovereign Wealth
PAY-00000108,c***@globalcorp.net,West,Wire Transfer,4669408.15,13.0,86.0,0.044,6.0,0,ANL-185,Complete,2024-12-16,Sovereign Wealth
PAY-00000182,c***@tradelink.com,West,Internal Transfer,1581122.45,13.0,76.0,1.0,,0,ANL-196,Pending,2024-12-16,Endowment
PAY-00000084,c***@finbridge.io,Northeast,Wire Transfer,208343.51,6.0,168.0,0.069,4.0,0,ANL-192,Escalated,2024-12-16,Endowment
PAY-00000187,c***@nexuspay.co,Midwest,Internal Transfer,742141.83,11.0,38.0,0.006,3.0,0,ANL-106,Pending,2024-12-17,Pension Fund
PAY-00000326,c***@globalcorp.net,Northeast,ACH Batch,4933157.3,0.0,59.0,0.937,2.0,0,ANL-136,Pending,2024-12-17,Pension Fund
PAY-00000233,c***@tradelink.com,Midwest,Wire Transfer,4825610.92,3.0,138.0,0.822,2.0,0,ANL-176,Complete,2024-12-17,Pension Fund
PAY-00000469,c***@finbridge.io,Southeast,Wire Transfer,25197.43,,99.0,0.809,5.0,0,ANL-139,Pending,2024-12-17,Pension Fund
PAY-00000462,c***@eastwest.biz,International,ACH Batch,4759083.02,6.0,,0.884,3.0,1,ANL-145,Complete,2024-12-17,Sovereign Wealth
PAY-00000052,c***@tradelink.com,Southeast,SWIFT,3195780.13,7.0,49.0,1.0,5.0,1,ANL-113,Pending,2024-12-18,Family Office
PAY-00000448,c***@globalcorp.net,Northeast,Wire Transfer,2273971.91,4.0,135.0,0.399,3.0,1,ANL-164,Pending,2024-12-18,Endowment
PAY-00000149,c***@eastwest.biz,West,Internal Transfer,2578222.34,6.0,21.0,0.723,8.0,1,ANL-127,Pending,2024-12-18,Family Office
PAY-00000396,c***@tradelink.com,Midwest,FX Settlement,2444488.48,11.0,20.0,0.28,4.0,1,ANL-119,Complete,2024-12-18,Pension Fund
PAY-00000117,c***@tradelink.com,Northeast,ACH Batch,3334487.86,3.0,154.0,0.687,6.0,1,ANL-184,Pending,2024-12-18,Pension Fund
PAY-00000339,c***@finbridge.io,Northeast,Wire Transfer,698686.45,12.0,127.0,0.024,9.0,0,ANL-161,Complete,2024-12-19,Pension Fund
PAY-00000024,c***@tradelink.com,West,Wire Transfer,150352.96,3.0,68.0,0.306,1.0,0,ANL-128,Pending,2024-12-19,Pension Fund
PAY-00000361,c***@globalcorp.net,West,FX Settlement,3523551.47,11.0,,0.632,8.0,0,ANL-144,Complete,2024-12-19,Sovereign Wealth
PAY-00000099,c***@tradelink.com,West,Wire Transfer,1009666.33,5.0,143.0,0.577,10.0,1,ANL-171,Escalated,2024-12-19,Pension Fund
PAY-00000296,c***@finbridge.io,Northeast,SWIFT,3367325.45,6.0,120.0,0.698,2.0,0,ANL-147,Complete,2024-12-20,Sovereign Wealth
PAY-00000186,c***@eastwest.biz,Northeast,Wire Transfer,4849575.27,1.0,79.0,0.006,8.0,1,ANL-114,Pending,2024-12-20,Endowment
PAY-00000442,c***@eastwest.biz,International,SWIFT,469956.63,14.0,116.0,0.101,10.0,1,ANL-197,Complete,2024-12-20,Family Office
PAY-00000317,c***@finbridge.io,Southeast,Wire Transfer,3363174.29,4.0,,0.869,5.0,1,ANL-135,Complete,2024-12-20,Endowment
PAY-00000322,c***@nexuspay.co,Southeast,Internal Transfer,2219029.22,3.0,14.0,1.0,3.0,1,ANL-173,Complete,2024-12-20,Pension Fund
PAY-00000425,c***@globalcorp.net,West,Wire Transfer,4340777.2,14.0,155.0,0.113,6.0,0,ANL-128,Complete,2024-12-20,Sovereign Wealth
PAY-00000151,c***@nexuspay.co,International,Wire Transfer,886160.37,13.0,125.0,0.842,7.0,0,ANL-154,Complete,2024-12-21,Sovereign Wealth
PAY-00000283,c***@finbridge.io,International,Wire Transfer,3463283.45,12.0,168.0,0.242,5.0,0,ANL-171,Complete,2024-12-21,Pension Fund
PAY-00000041,c***@nexuspay.co,West,FX Settlement,4190657.39,2.0,58.0,0.478,4.0,0,ANL-198,Complete,2024-12-21,Pension Fund
PAY-00000194,c***@finbridge.io,Southeast,Internal Transfer,4723098.79,6.0,28.0,0.145,5.0,0,ANL-179,Complete,2024-12-21,Family Office
PAY-00000064,c***@eastwest.biz,Northeast,SWIFT,3416398.52,10.0,26.0,0.71,4.0,0,ANL-178,Escalated,2024-12-21,Family Office
PAY-00000236,c***@nexuspay.co,Midwest,SWIFT,3089427.28,5.0,66.0,0.211,0.0,0,ANL-182,Complete,2024-12-22,Sovereign Wealth
PAY-00000374,c***@nexuspay.co,Southeast,Wire Transfer,4344590.47,13.0,153.0,0.863,10.0,0,ANL-171,Pending,2024-12-22,Sovereign Wealth
PAY-00000023,c***@globalcorp.net,International,FX Settlement,2853263.43,6.0,131.0,0.401,6.0,0,ANL-103,Complete,2024-12-22,Pension Fund
PAY-00000414,c***@eastwest.biz,Northeast,ACH Batch,152420.1,4.0,44.0,0.293,9.0,0,ANL-177,Pending,2024-12-22,Pension Fund
PAY-00000136,c***@globalcorp.net,Midwest,ACH Batch,4654778.0,12.0,97.0,0.152,9.0,0,ANL-184,Pending,2024-12-22,Pension Fund
PAY-00000310,c***@nexuspay.co,Northeast,ACH Batch,3447788.99,5.0,42.0,0.266,10.0,1,ANL-188,Escalated,2024-12-23,Pension Fund
PAY-00000177,c***@finbridge.io,Midwest,Wire Transfer,3382728.67,4.0,6.0,0.022,1.0,0,ANL-134,Complete,2024-12-23,Endowment
PAY-00000434,c***@eastwest.biz,Northeast,Wire Transfer,1078767.92,13.0,167.0,0.583,8.0,1,ANL-103,Pending,2024-12-23,Sovereign Wealth
PAY-00000184,c***@finbridge.io,Northeast,SWIFT,3294597.91,6.0,23.0,0.842,0.0,0,ANL-123,Complete,2024-12-23,Family Office
PAY-00000050,c***@globalcorp.net,Northeast,Wire Transfer,1969625.1,1.0,89.0,0.549,10.0,1,ANL-134,Escalated,2024-12-23,Pension Fund
PAY-00000195,c***@globalcorp.net,Midwest,SWIFT,3256339.27,13.0,123.0,0.219,9.0,0,ANL-189,Complete,2024-12-24,Sovereign Wealth
PAY-00000053,c***@eastwest.biz,Midwest,ACH Batch,3289397.6,4.0,171.0,0.215,8.0,0,ANL-139,Pending,2024-12-24,Pension Fund
PAY-00000173,c***@eastwest.biz,International,Wire Transfer,4997068.92,5.0,147.0,0.416,0.0,1,ANL-143,Pending,2024-12-24,Pension Fund
PAY-00000391,c***@globalcorp.net,Southeast,ACH Batch,241536.09,5.0,51.0,0.76,3.0,0,ANL-144,Complete,2024-12-24,Family Office
PAY-00000111,c***@finbridge.io,Southeast,SWIFT,4885882.33,14.0,11.0,0.188,3.0,0,ANL-100,Escalated,2024-12-24,Family Office
PAY-00000080,c***@eastwest.biz,International,Wire Transfer,2034836.35,4.0,12.0,0.72,,1,ANL-123,Complete,2024-12-25,Sovereign Wealth
PAY-00000479,c***@globalcorp.net,Northeast,SWIFT,4353831.87,9.0,74.0,0.867,10.0,1,ANL-118,Pending,2024-12-25,Sovereign Wealth
PAY-00000175,c***@tradelink.com,International,ACH Batch,3912036.23,6.0,8.0,0.454,4.0,0,ANL-172,Complete,2024-12-25,Endowment
PAY-00000358,c***@eastwest.biz,International,FX Settlement,3692376.82,7.0,,0.555,5.0,0,ANL-151,Complete,2024-12-25,Pension Fund
PAY-00000082,c***@nexuspay.co,Northeast,SWIFT,4392638.55,6.0,164.0,0.637,0.0,0,ANL-108,Complete,2024-12-26,Pension Fund
PAY-00000413,c***@finbridge.io,International,Wire Transfer,2020999.54,4.0,85.0,0.526,0.0,0,ANL-118,Complete,2024-12-26,Family Office
PAY-00000446,c***@nexuspay.co,Northeast,SWIFT,4039325.79,4.0,137.0,0.303,3.0,0,ANL-103,Pending,2024-12-26,Endowment
PAY-00000415,c***@nexuspay.co,Midwest,Wire Transfer,3811544.53,9.0,,0.29,0.0,0,ANL-111,Pending,2024-12-26,Family Office
PAY-00000143,c***@globalcorp.net,International,ACH Batch,3989169.34,1.0,,0.563,8.0,0,ANL-195,Complete,2024-12-27,Pension Fund
PAY-00000302,c***@nexuspay.co,Midwest,SWIFT,2178198.78,12.0,176.0,0.12,7.0,1,ANL-167,Complete,2024-12-27,Sovereign Wealth
PAY-00000230,c***@finbridge.io,Midwest,ACH Batch,4089262.16,4.0,104.0,0.917,1.0,1,ANL-127,Complete,2024-12-27,Sovereign Wealth
PAY-00000113,c***@nexuspay.co,West,Internal Transfer,601485.17,4.0,42.0,0.721,7.0,0,ANL-148,Complete,2024-12-27,Endowment
PAY-00000215,c***@finbridge.io,Midwest,Wire Transfer,2722673.25,1.0,60.0,0.401,6.0,1,ANL-153,Pending,2024-12-27,Pension Fund
PAY-00000280,c***@finbridge.io,Midwest,Wire Transfer,29290.42,4.0,12.0,0.159,10.0,0,ANL-158,Pending,2024-12-28,Family Office
PAY-00000360,c***@globalcorp.net,Midwest,SWIFT,1623266.86,,130.0,0.882,5.0,0,ANL-143,Complete,2024-12-28,Pension Fund
PAY-00000333,c***@tradelink.com,International,ACH Batch,1832624.44,3.0,7.0,0.824,0.0,0,ANL-120,Complete,2024-12-28,Family Office
PAY-00000367,c***@finbridge.io,Northeast,SWIFT,1981165.37,0.0,80.0,0.722,6.0,0,ANL-147,Complete,2024-12-28,Sovereign Wealth
PAY-00000102,c***@nexuspay.co,Southeast,ACH Batch,3477488.3,2.0,131.0,0.272,9.0,0,ANL-139,Pending,2024-12-28,Sovereign Wealth
PAY-00000288,c***@nexuspay.co,International,Wire Transfer,1943096.23,0.0,109.0,0.402,6.0,0,ANL-192,Escalated,2024-12-28,Family Office
PAY-00000014,c***@finbridge.io,International,Internal Transfer,2243743.77,11.0,3.0,0.103,8.0,0,ANL-141,Complete,2024-12-29,Family Office
PAY-00000309,c***@nexuspay.co,Midwest,Internal Transfer,1188101.88,10.0,27.0,0.189,0.0,1,ANL-199,Complete,2024-12-29,Endowment
PAY-00000259,c***@eastwest.biz,Midwest,SWIFT,1866572.33,14.0,114.0,0.783,1.0,0,ANL-172,Pending,2024-12-29,Pension Fund
PAY-00000120,c***@globalcorp.net,Southeast,Wire Transfer,1136734.5,4.0,107.0,0.715,10.0,0,ANL-176,Escalated,2024-12-29,Family Office
PAY-00000112,c***@nexuspay.co,Northeast,SWIFT,366443.02,3.0,40.0,0.593,,0,ANL-110,Complete,2024-12-29,Pension Fund
PAY-00000016,c***@finbridge.io,Southeast,Wire Transfer,3341229.89,4.0,129.0,0.583,5.0,0,ANL-119,Complete,2024-12-30,Sovereign Wealth
PAY-00000017,c***@finbridge.io,Midwest,FX Settlement,3097641.98,9.0,8.0,0.467,5.0,0,ANL-120,Complete,2024-12-30,Sovereign Wealth
PAY-00000217,c***@finbridge.io,Northeast,Wire Transfer,2317738.47,13.0,101.0,0.34,3.0,0,ANL-196,Complete,2024-12-30,Sovereign Wealth
PAY-00000303,c***@globalcorp.net,International,FX Settlement,1899239.01,3.0,160.0,0.94,3.0,0,ANL-179,Complete,2024-12-30,Endowment
PAY-00000045,c***@nexuspay.co,International,ACH Batch,4316736.58,1.0,124.0,0.083,4.0,0,ANL-106,Complete,2024-12-31,Pension Fund
